<?xml version="1.0" encoding="utf-8"?>
<modification>
    <name>d_shopunity</name>
    <code>d_shopunity</code>
    <description>This is a modification file. You can use it to </description>
    <version>3.0.0</version>
    <author>Dreamvention</author>
    <link>http://dreamvention.com</link>
    <file path="admin/controller/common/header.php">
        <operation error="skip">
            <search><![CDATA[public function index() {]]></search>
            <ignoreif><![CDATA[$data['d_shopunity'] = $this->url->link('d_shopunity/extension', 'token='.$this->request->get['token'], 'SSL');]]></ignoreif>
            <add position="after"><![CDATA[
            if(!empty($this->request->get['token'])){
                $data['d_shopunity'] = $this->url->link('d_shopunity/extension', 'token='.$this->request->get['token'], 'SSL');
            }
            ]]></add>
        </operation>
    </file>
    <file path="admin/view/template/common/header.tpl">
        <operation error="skip">
            <search><![CDATA[<li class="dropdown"><a class="dropdown-toggle" data-toggle="dropdown"><span class="label label-danger pull-left"><?php echo $alerts; ?></span> <i class="fa fa-bell fa-lg"></i></a>]]></search>
            <ignoreif><![CDATA[<li><a href="<?php echo $d_shopunity; ?>"><i class="fa fa-flask fa-lg"></i></a></li>]]></ignoreif>
            <add position="before"><![CDATA[
            <li><a href="<?php echo $d_shopunity; ?>" title="Shopunity"><i class="fa fa-flask fa-lg"></i></a></li>
            ]]></add>
        </operation>
        <operation error="skip">
            <search><![CDATA[<li class="dropdown"><a class="dropdown-toggle" data-toggle="dropdown"><?php if($alerts > 0) { ?><span class="label label-danger pull-left"><?php echo $alerts; ?></span><?php } ?> <i class="fa fa-bell fa-lg"></i></a>]]></search>
            <ignoreif><![CDATA[<li><a href="<?php echo $d_shopunity; ?>"><i class="fa fa-flask fa-lg"></i></a></li>]]></ignoreif>
            <add position="before"><![CDATA[
            <li><a href="<?php echo $d_shopunity; ?>" title="Shopunity"><i class="fa fa-flask fa-lg"></i></a></li>
            ]]></add>
        </operation>
    </file>

    <file path="admin/controller/event/compatibility.php">
        <operation error="skip" info="fix for 2.3.0.x">
            <search ><![CDATA[$route = $part[1] . '/' . $part[2];]]></search>
            <ignoreif><![CDATA[//d_compatibilty_fix_230.xml 1]]></ignoreif>
            <add position="replace"><![CDATA[
            //d_compatibilty_fix_230.xml 1
            unset($part[0]);
            $route = implode('/', $part);
            ]]></add>
        </operation>
        <!-- <operation error="skip" info="fix for 2.3.0.x">
            <search position="replace" offset="2"><![CDATA[if (!is_file(DIR_LANGUAGE . $this->config->get('config_language') . '/' . $route . '.php') && is_file(DIR_LANGUAGE . $this->config->get('config_language') . '/' . $part[1] . '/' . $part[2] . '.php')) {]]></search>
            <ignoreif><![CDATA[//d_compatibilty_fix_230.xml 2]]></ignoreif>
            <add><![CDATA[
            //d_compatibilty_fix_230.xml 2
            $directories = array($this->config->get('config_admin_language'), $this->language->default, 'english');
            
            foreach ($directories as $directory) {
                if (!is_file(DIR_LANGUAGE . $directory . '/' . $route . '.php') && is_file(DIR_LANGUAGE . $directory . '/' . $part[1] . '/' . $part[2] . '.php')) {
                    $route = $part[1] . '/' . $part[2];
                    break;
                }
             }
         ]]></add>
        </operation> -->
    </file>
    <file path="admin/controller/extension/extension/feed.php">
        <operation error="skip" info="fix for 2.3.0.x">
            <search ><![CDATA[$this->model_user_user_group->addPermission($this->user->getGroupId(), 'modify', 'extension/feed/' . $this->request->get['extension']);]]></search>
            <ignoreif><![CDATA[//d_compatibilty_fix_230.xml]]></ignoreif>
            <add position="after"><![CDATA[
            //d_compatibilty_fix_230.xml
            $this->model_user_user_group->addPermission($this->user->getGroupId(), 'access', 'feed/' . $this->request->get['extension']);
            $this->model_user_user_group->addPermission($this->user->getGroupId(), 'modify', 'feed/' . $this->request->get['extension']);
            ]]></add>
        </operation>
    </file>
    <file path="admin/controller/extension/extension/fraud.php">
        <operation error="skip" info="fix for 2.3.0.x">
            <search ><![CDATA[$this->model_user_user_group->addPermission($this->user->getGroupId(), 'modify', 'extension/fraud/' . $this->request->get['extension']);]]></search>
            <ignoreif><![CDATA[//d_compatibilty_fix_230.xml]]></ignoreif>
            <add position="after"><![CDATA[
            //d_compatibilty_fix_230.xml
            $this->model_user_user_group->addPermission($this->user->getGroupId(), 'access', 'fraud/' . $this->request->get['extension']);
            $this->model_user_user_group->addPermission($this->user->getGroupId(), 'modify', 'fraud/' . $this->request->get['extension']);
            ]]></add>
        </operation>
    </file>
    <file path="admin/controller/extension/extension/module.php">
        <operation error="skip" info="fix for 2.3.0.x">
            <search ><![CDATA[$this->model_user_user_group->addPermission($this->user->getGroupId(), 'modify', 'extension/module/' . $this->request->get['extension']);]]></search>
            <ignoreif><![CDATA[//d_compatibilty_fix_230.xml]]></ignoreif>
            <add position="after"><![CDATA[
            //d_compatibilty_fix_230.xml
            $this->model_user_user_group->addPermission($this->user->getGroupId(), 'access', 'module/' . $this->request->get['extension']);
            $this->model_user_user_group->addPermission($this->user->getGroupId(), 'modify', 'module/' . $this->request->get['extension']);
            ]]></add>
        </operation>
    </file>
    <file path="admin/controller/extension/extension/payment.php">
        <operation error="skip" info="fix for 2.3.0.x">
            <search ><![CDATA[$this->model_user_user_group->addPermission($this->user->getGroupId(), 'modify', 'extension/payment/' . $this->request->get['extension']);]]></search>
            <ignoreif><![CDATA[//d_compatibilty_fix_230.xml]]></ignoreif>
            <add position="after"><![CDATA[
            //d_compatibilty_fix_230.xml
            $this->model_user_user_group->addPermission($this->user->getGroupId(), 'access', 'payment/' . $this->request->get['extension']);
            $this->model_user_user_group->addPermission($this->user->getGroupId(), 'modify', 'payment/' . $this->request->get['extension']);
            ]]></add>
        </operation>
    </file>
    <file path="admin/controller/extension/extension/shipping.php">
        <operation error="skip" info="fix for 2.3.0.x">
            <search ><![CDATA[$this->model_user_user_group->addPermission($this->user->getGroupId(), 'modify', 'extension/shipping/' . $this->request->get['extension']);]]></search>
            <ignoreif><![CDATA[//d_compatibilty_fix_230.xml]]></ignoreif>
            <add position="after"><![CDATA[
            //d_compatibilty_fix_230.xml
            $this->model_user_user_group->addPermission($this->user->getGroupId(), 'access', 'shipping/' . $this->request->get['extension']);
            $this->model_user_user_group->addPermission($this->user->getGroupId(), 'modify', 'shipping/' . $this->request->get['extension']);
            ]]></add>
        </operation>
    </file>
    <file path="admin/controller/extension/extension/theme.php">
        <operation error="skip" info="fix for 2.3.0.x">
            <search ><![CDATA[$this->model_user_user_group->addPermission($this->user->getGroupId(), 'modify', 'extension/theme/' . $this->request->get['extension']);]]></search>
            <ignoreif><![CDATA[//d_compatibilty_fix_230.xml]]></ignoreif>
            <add position="after"><![CDATA[
            //d_compatibilty_fix_230.xml
            $this->model_user_user_group->addPermission($this->user->getGroupId(), 'access', 'theme/' . $this->request->get['extension']);
            $this->model_user_user_group->addPermission($this->user->getGroupId(), 'modify', 'theme/' . $this->request->get['extension']);

            ]]></add>
        </operation>
    </file>
    <file path="admin/controller/extension/extension/total.php">
        <operation error="skip" info="fix for 2.3.0.x">
            <search ><![CDATA[$this->model_user_user_group->addPermission($this->user->getGroupId(), 'modify', 'extension/total/' . $this->request->get['extension']);]]></search>
            <ignoreif><![CDATA[//d_compatibilty_fix_230.xml]]></ignoreif>
            <add position="after"><![CDATA[
            //d_compatibilty_fix_230.xml
            $this->model_user_user_group->addPermission($this->user->getGroupId(), 'access', 'total/' . $this->request->get['extension']);
            $this->model_user_user_group->addPermission($this->user->getGroupId(), 'modify', 'total/' . $this->request->get['extension']);

            ]]></add>
        </operation>
    </file>

    <file path="catalog/controller/event/compatibility.php">
        <operation error="skip" info="fix for 2.3.0.x">
            <search ><![CDATA[$route = $part[1] . '/' . $part[2];]]></search>
            <ignoreif><![CDATA[//d_compatibilty_fix_230.xml 1]]></ignoreif>
            <add position="replace"><![CDATA[
            //d_compatibilty_fix_230.xml 1
            unset($part[0]);
            $route = implode('/', $part);
            ]]></add>
        </operation>
        <!-- <operation error="skip" info="fix for 2.3.0.x">
            <search ><![CDATA[if (!is_file(DIR_LANGUAGE . $this->config->get('config_language') . '/' . $route . '.php') && is_file(DIR_LANGUAGE . $this->config->get('config_language') . '/' . $part[1] . '/' . $part[2] . '.php')) {]]></search>
            <ignoreif><![CDATA[//d_compatibilty_fix_230.xml 2]]></ignoreif>
            <add position="replace" offset="2"><![CDATA[
            //d_compatibilty_fix_230.xml 2
            $directories = array($this->config->get('config_admin_language'), $this->language->default, 'english');
            
            foreach ($directories as $directory) {
                if (!is_file(DIR_LANGUAGE . $directory . '/' . $route . '.php') && is_file(DIR_LANGUAGE . $directory . '/' . $part[1] . '/' . $part[2] . '.php')) {
                    $route = $part[1] . '/' . $part[2];
                    break;
                }
             }
         ]]></add>
        </operation> -->
    </file>

    <file path="system/library/cart/user.php">
        <operation error="skip" info="fix for 2.3.0.x">
            <search ><![CDATA[return in_array($value, $this->permission[$key]);]]></search>
            <ignoreif><![CDATA[//d_compatibilty_fix_230.xml]]></ignoreif>
            <add position="replace"><![CDATA[
            //d_compatibilty_fix_230.xml
            $part = explode('/', $value);
            unset($part[0]);
            return (in_array($value, $this->permission[$key]) || in_array(implode('/', $part), $this->permission[$key])) ? true: false;
            ]]></add>
        </operation>
    </file>
    <!-- <file path="system/library/language.php">
        <operation error="skip" info="fix for 2.3.0.x">
            <search><![CDATA[private $default = 'en-gb';]]></search>
            <ignoreif><![CDATA[//d_compatibilty_fix_230.xml 1]]></ignoreif>
            <add position="replace"><![CDATA[
            //d_compatibilty_fix_230.xml 1
            public $default = 'en-gb';
            ]]></add>
        </operation>
        <operation error="skip" info="fix for 2.3.0.x">
            <search><![CDATA[$old_file = DIR_LANGUAGE . 'english/' . str_replace('extension/', '', $filename) . '.php';]]></search>
            <ignoreif><![CDATA[//d_compatibilty_fix_230.xml 2]]></ignoreif>
            <add position="replace"><![CDATA[
            //d_compatibilty_fix_230.xml 2
            ]]></add>
        </operation>
        <operation error="skip" info="fix for 2.3.0.x">
            <search><![CDATA[} elseif (is_file($old_file)) {]]></search>
            <ignoreif><![CDATA[//d_compatibilty_fix_230.xml 2]]></ignoreif>
            <add position="replace" offset="1"><![CDATA[
            //d_compatibilty_fix_230.xml 2
            ]]></add>
        </operation>
        <operation error="skip" info="fix for 2.3.0.x">
            <search><![CDATA[$old_file = DIR_LANGUAGE . $this->default . '/' . str_replace('extension/', '', $filename) . '.php';]]></search>
            <ignoreif><![CDATA[//d_compatibilty_fix_230.xml 3]]></ignoreif>
            <add  position="replace"><![CDATA[
            //d_compatibilty_fix_230.xml 3
            ]]></add>
        </operation>
        <operation error="skip" info="fix for 2.3.0.x">
            <search><![CDATA[$old_file = DIR_LANGUAGE . $this->directory . '/' . str_replace('extension/', '', $filename) . '.php';]]></search>
            <ignoreif><![CDATA[//d_compatibilty_fix_230.xml 4]]></ignoreif>
            <add  position="replace"><![CDATA[
            //d_compatibilty_fix_230.xml 4
            ]]></add>
        </operation>
    </file> -->
    <file path="system/config/catalog.php">
         <operation error="skip" info="fix for 2.3.0.x">
            <search ><![CDATA[$_['action_event'] = array(]]></search>
            <ignoreif><![CDATA[//d_compatibilty_fix_230.xml]]></ignoreif>
            <add position="after"><![CDATA[
            //d_compatibilty_fix_230.xml
            'controller/extension/analytics/*/before' => 'event/compatibility/controller',
            'controller/extension/captcha/*/before'   => 'event/compatibility/controller',
            'controller/extension/feed/*/before'      => 'event/compatibility/controller',
            'controller/extension/fraud/*/before'     => 'event/compatibility/controller',
            'controller/extension/module/*/before'    => 'event/compatibility/controller',
            'controller/extension/payment/*/before'   => 'event/compatibility/controller',
            'controller/extension/recurring/*/before' => 'event/compatibility/controller',
            'controller/extension/shipping/*/before'  => 'event/compatibility/controller',
            'controller/extension/theme/*/before'     => 'event/compatibility/controller',
            'controller/extension/total/*/before'     => 'event/compatibility/controller',
            ]]></add>
        </operation>
    </file>
    
    <file path="admin/controller/event/compatibility.php">
         <operation error="skip" info="remove errror for 2.3.0.x">
            <search ><![CDATA[class ControllerEventCompatibility extends Controller {]]></search>
            <ignoreif><![CDATA[//d_compatibilty_fix_230.xml fix 1]]></ignoreif>
            <add position="before"><![CDATA[
            //d_compatibilty_fix_230.xml fix 1
            if (!class_exists('ControllerEventCompatibility')) {
            ]]></add>
        </operation>
    </file>

    <file path="admin/controller/event/compatibility.php">
         <operation error="skip" info="remove errror for 2.3.0.x">
            <search ><![CDATA[public function view(&$route, &$data) {]]></search>
            <ignoreif><![CDATA[//d_compatibilty_fix_230.xml fix 2]]></ignoreif>
            <add position="after" offset="8"><![CDATA[
            //d_compatibilty_fix_230.xml fix 2
}
            ]]></add>
        </operation>
    </file>
    
    <file path="admin/model/localisation/language.php">
         <operation error="skip" info="fix errror for 2.3.0.x">
            <search ><![CDATA[$this->db->query("DELETE FROM " . DB_PREFIX . "banner_image_description WHERE language_id = '" . (int)$language_id . "'");]]></search>
            <ignoreif><![CDATA[//d_compatibilty_fix_230.xml fix]]></ignoreif>
            <add position="replace"><![CDATA[
            //d_compatibilty_fix_230.xml fix
            if(VERSION < '2.3.0.0'){
                $this->db->query("DELETE FROM " . DB_PREFIX . "banner_image_description WHERE language_id = '" . (int)$language_id . "'");
            }
            ]]></add>
        </operation>
    </file>
    
</modification>